Sample Type,MS Batch,Patient/Control Info,Sample Label,ETLLQDFR,QEEQTTCTTEGWSPEPR,QGYDLSPLTPLSELSVQCNR,DYVSQFEGSALGK,LLDNWDSVTSTFSK,DALSSVQESQVAQQAR,GWVTDGFSSLK,TVQAVLTVPK,DTDTGALLFIGK,TEHYEEQIEAFK,LSPIYNLVPVK,TEGDGVYTLNNEK,VTSIQDWVQK,DVWGIEGPIDAAFTR,FEDGVLDPDYPR,NEDSLVFVQTDK,EPCVESLVSQYFQTVTDYGK,ASSIIDELFQDR,ELDESLQVAER,VTTVASHTSDSDVPSGVTEVVVK,TVGSDTFYSFK,IASFSQNCDIYPGK,LSSPAVITDK,EAQLPVIENK,SSLSVPYVIVPLK,DFDFVPPVVR,VGDTLNLNLR,GLEEELQFSLGSK,EIGELYLPK,ADLSGITGAR,YGIDWASGR,VGYVSGWGQSDNFK,LSITGTYDLK,SVLGQLGITK,TSDQIHFFFAK,AFLEVNEEGSEAAASTAVVIAGR,SELTQQLNALFQDK,IDQNVEELK,WVQTLSEQVQEELLSSQVTQELR,VQAAVGTSAAPVPSDNH,ASFTTFTVTK,SEYGAALAWEK,NFPSPVDAAFR,SGAQATWTELPWPHEK,FLNVLSPR,NVVFVIDK,ILDDLSPR,DLLLPQPDLR,VAAGAFQGLR,SCESNSPFPVHPGTAECCTK,LVNEVTEFAK,FQNALLVR,DNELLVYK,QGYFVEAQPK,HVEDVPAFQALGSLNDLQFFR,EIPAWVPFDPAAQITK,WEAEPVYVQR,GAGTNEDALIEILTTR,SDTSGDYEITLLK,LLDLLVPDIPESVEIK,QALAENEVLFGTNGTK,ADGTVNQIEGEATPVNLTEPAK,NPNLPPETVDSLK,EWVAIESDSVQPVPR,GDGWLTDPYVLTEVDGK,ELGCGAASGTPSGILYEPPAEK,EATLQDCPSGPWGK,EDSLEAGLPLQVR,TTLSGAPCQPWASEATYR,GFLAYYQAVDLDECASR,QDACQGDSGGVFAVR,LGYVTADGETSGSITCGK,EQVQSCGPPPELLNGNVK,ITCAEEGWSPTPK,TGDIVEFVCK,LPDTPQGLLGEAR,GNCVSLLSPSPEGDPR,SDLAVPSELALLK,AAIPSALDTNSSK,QEPGENSEILPTLK,NSCPPTSELLGTSDR,VDNALQSGNSQESVTEQDSK,DSTYSLSSTLTLSK,NVPLPVIAELPPK,QVGSGVTTDQVQAEAK,VAGLESLGDLFPNLTVIR,AENGPGPGVLVLR,GEGEPCGGGGAGR,GTCEQGPSIVTPPK,EALAENNLNLPK,NLDAITTPDPTTNASLLTK,ILQLILLALATGLVGGETR,TATESFPHPGFNNSLPNK,YLGEEYVK,AFPALTSLDLSDNPGLGER,STLSVGVSGTLVLLQGAR,LPGILAPETVLLPFCYK,HSQPWQVLVASR,LSEPAELTDAVK,SPIDTFPTDPIK,LSGLHGQDLFGIWSK,LAAIAESGVER,FAVATLPPA,VAGESAEPEPEPEADYYAK,EAVPEPVLLSR,WSQAAPMAEGGGQNHHEVVK,SWSVYVGAR,ETCVEVASELGK,QLFEISVPLTSVPELVPVK,GDPGIPGNPGK,GGPGAPGAPGPK,FDHVITNMNNNYEPR,LEQGENVFLQATDK
Patient Sample,MS BATCH 1,Non-Organ Confined,OcProDx Bh052/b52,59098,52,124,191656,564384,20934,181004,7277,3461,6236,48853,94767,385467,33162,42395,168899,12350,29859,12528,9042,65394,10798,39865,103377,1342,543117,71516,24913,178822,136504,2501,669,1317833,1304973,38658,16192,7990,4134,3050,4125,979,1038,528936,183677,42828,143837,217451,49562,20719,65,38115780,33472980,20414,9340,17108,37131,4295,839,190,129,237,33,76801,39,102,496,195,106443,64,485,336,19968,214105,216,3986,14652,599,2560,350,126,133,123,1274,12868,5243,120,267,289,871,142,181,204,66,716552,170,156,843,63557,64,214,557,169,221,327,1025,96,957,16589,276,5552,180,13,19483
Patient Sample,MS BATCH 1,Non-Organ Confined,OcProDx 409,46684,41,38,225044,416285,15295,176532,11666,4162,3476,45068,80851,311125,30136,29581,103870,19251,29972,29542,10902,47702,13983,39344,114680,1699,515512,92038,27352,189022,152749,3208,785,579401,1227046,38313,11848,9111,8390,1435,3509,1148,723,297186,176654,56609,182267,271767,54054,19834,62,38694712,33720780,15399,8152,13671,34255,6780,299,79,57,304,11,49822,249,373,522,219,107688,80,559,407,5918,361230,391,5017,22959,1134,1600,379,36,166,192,147,8471,4879,48,48,265,1324,89,68,35,65,1191050,54,75,286,9761,424,88,215,352,901,59,169,537,1536,16339,65,5854,1083,63,17709
Patient Sample,MS BATCH 1,Non-Organ Confined,OcProDx 185,76784,67,77,307789,535274,16724,221748,9159,4519,7247,65960,178744,714847,14331,21269,156187,26471,41888,38524,14253,67926,15564,49649,137031,1779,701781,109621,30393,295778,241854,3545,1563,1868195,1769145,33844,10598,8450,7898,4367,6250,1132,3986,605790,233281,47188,334247,351302,92914,35281,48,41713620,56339808,22768,9838,18634,43562,8289,251,247,459,557,23,91820,62,256,958,2666,94541,168,324,492,2962,578651,212,11904,27264,644,2415,60,89,282,33,113,244550,11881,51,392,544,555,15,41,105,41,1466765,77,231,215,501,966,198,54,205,469,69,1608,502,2099,14912,64,6769,180,35,27576
Patient Sample,MS BATCH 1,Non-Organ Confined,OcProDx B89,90032,32,32,382522,634053,26781,366364,11066,5576,6315,105595,210133,867077,59149,79797,216222,22960,49508,23063,17511,92328,12247,52311,153728,2828,995946,97474,32003,378693,288357,5827,50,2367191,2359530,59217,13709,6855,9020,3963,6804,793,933,614973,316171,69041,489238,121058,145806,60852,34,51711060,63625920,44440,15408,22639,47182,12427,277,119,144,136,79,108364,33,245,2565,3741,72025,47,535,910,6084,789010,701,9124,27079,268,5317,201,109,331,161,57,700675,30359,128,956,818,382,443,40,51,82,2008353,111,69,220,61848,1025,294,333,55,51,471,1258,146,1223,20330,45,5697,1451,73,22561
Patient Sample,MS BATCH 1,Non-Organ Confined,OcProDx 167,48858,46,32,214894,497080,15276,124923,8036,2302,3407,40736,130307,479557,23716,32153,126304,16388,19815,19382,6829,42176,6646,32866,94794,2059,373929,66620,18755,165866,139373,527,174,760775,648328,27594,11198,6096,3897,2665,4063,527,1560,372698,149468,4253,198036,198537,71834,24805,19,35486260,43085760,14210,9490,11826,31605,3783,336,101,142,61,61,54001,85,157,1408,896,61507,48,441,403,7108,271371,389,5157,10806,1332,1541,45,92,55,149,356,215055,9290,121,289,176,1023,107,42,39,27,1130798,108,39,123,709,13528,149,459,436,278,28,179,509,632,12710,77,5715,891,58,13237
Patient Sample,MS BATCH 1,Non-Organ Confined,OcProDx B86,86053,34,11,380522,673135,41330,488510,13750,10768,7750,55490,111865,837241,42454,54605,178640,29076,38376,39639,14738,85152,18234,51291,126191,533,642041,72276,24392,197225,152989,2892,2027,1826506,1883069,30464,7730,11711,10861,3359,4268,364,2637,536080,167140,6031,335955,331179,71439,20377,112,44254832,63793860,28490,17511,16558,34292,7612,487,717,123,318,37,105341,213,273,1191,1280,110631,323,520,433,2962,504951,161,9286,236,768,11800,47,230,50,221,188,180254,8428,199,566,6418,216,219,155,139,205,1406522,,195,314,65425,188069,262,350,32,442,116,316,1992,59,8012,252,6409,135,55,16080
Patient Sample,MS BATCH 1,Non-Organ Confined,OcProDx 112,57021,38,15,230803,566263,29552,258494,15079,8010,4761,46145,272,389797,46993,68265,142462,20984,36152,37641,13553,84020,19355,41025,134627,1727,481759,160650,42634,213095,176577,4000,4000,1957238,2077775,27108,7942,4833,3644,6217,6686,645,3625,529903,178850,16296,320257,305658,99953,34182,30,48447092,66099736,25646,12833,16168,35649,4415,819,156,1500,150,27,64107,501,201,2437,4310,1042,248,596,261,3231,476510,300,9808,21921,2785,9740,51,94,59,57,55,164584,10825,129,324,734,941,53,57,91,74,1461148,346,648,78,26395,83,187,166,309,65,35,1544,2498,54,1431,46,6311,1562,22,18755
Patient Sample,MS BATCH 1,Non-Organ Confined,OcProDx B92,73001,77,58,201022,594751,25328,311559,8442,5408,6436,42075,212262,746728,36116,28750,66091,13394,30137,25931,12121,86760,12101,38585,111673,141,493693,108451,32309,138772,222037,2788,1581,1014613,1444975,24322,7386,10540,4361,3088,2814,1204,1119,572228,189556,4380,288869,296455,103416,35903,63,33323630,39906952,11106,8709,14660,34200,3028,480,380,189,87,30,41833,483,163,160,615,46116,102,691,680,2120,243542,54,10163,343,343,9626,99,21,146,10,69,40292,2354,142,135,338,542,81,324,223,51,1334921,,104,322,18283,170782,278,216,195,631,69,53,2326,135,15547,370,985,639,64,9230
Patient Sample,MS BATCH 2,Non-Organ Confined,OcProDx 486 1,70743,232,72,334424,697055,18235,157264,14577,5016,7465,48014,120010,464884,26207,32839,91431,13490,28422,32081,10149,59191,12071,27901,102778,3139,376193,61000,19730,175512,139080,1090,480,1463413,1385220,27400,9310,7426,4683,16824,5375,3670,1442,444529,161305,26081,297785,225560,62942,23984,68,39104256,42740648,12846,6274,17109,43421,3906,130,368,428,152,51,63347,586,475,746,1114,68966,227,1033,439,10734,340864,205,9302,4422,1198,4398,27,167,443,130,44,136839,6217,207,146,892,3496,101,55,100,61,1095210,298,1421,354,12868,246861,222,916,474,415,320,1473,336,594,12040,69,6229,586,10,12608
Patient Sample,MS BATCH 2,Non-Organ Confined,OcProDx BH007/B7,29275,48,21,172184,538520,56298,176686,7956,7104,598,13601,159024,341474,12009,14290,2168,5096,18001,24433,7586,26247,3797,9083,20961,1587,34097,11511,3222,67828,63651,333,549,1275522,937364,14648,6589,7228,2918,6316,1541,2409,1996,163368,28188,22593,58533,33287,77708,39580,38,38722120,45493776,1189,2033,18100,26545,2434,1294,446,3562,162,31,64086,318,1860,449,2046,3055,67,401,1342,664,299481,801,10818,131,2815,3809,24,162,68,64,177,178258,2634,15192,562,1203,1714,702,244,408,98,412456,429,4938,310,3424,117826,313,449,1654,1536,55,18487,128,2889,18461,110,6765,52,29,1028
Patient Sample,MS BATCH 2,Non-Organ Confined,OcProDx  291,31666,35,28,78029,202451,70185,232936,6950,1995,427,11817,102174,325711,12015,9432,6557,4227,9961,18587,7372,27117,5416,12495,37702,1785,57668,17355,3016,87069,69946,502,465,714854,713217,9842,5191,4701,1623,7854,3076,1726,1465,117892,23635,17241,79963,45001,36107,21952,48,25797082,17543332,2787,4328,12595,19658,1086,945,263,642,652,47,29090,412,2884,88,1047,24549,65,722,1580,1843,80954,120,7559,737,971,3413,85,24,62,30,52,57989,1228,6534,107,524,1448,265,89,278,117,378243,262,6002,210,4283,122034,102,252,2194,621,55,12443,215,1430,15389,25,4632,43,15,489
Patient Sample,MS BATCH 2,Non-Organ Confined,OcProDx  475,73018,1,55,209763,728058,28544,178136,15451,5053,10064,76422,201591,970192,38856,55965,120940,9693,42114,39758,14615,99867,10653,57687,147454,1076,620869,111631,33048,263240,217738,1124,1161,1075239,1491103,45393,10469,11217,5479,257,4473,2005,1977,617256,183643,14347,285713,338425,136044,47215,67,48378240,67986952,19685,8581,18924,48758,2645,129,57,776,515,22,73688,157,178,791,1265,38165,98,1247,476,2124,643815,471,7213,172,1751,2484,249,289,74,14,94,143990,6210,62,60,1529,50,227,44,155,42,1699706,68,168,340,28086,128,286,309,542,49,69,215,331,488,20413,166,5546,150,79,12863
Patient Sample,MS BATCH 2,Non-Organ Confined,OcProDx  I110,37577,33,39,110431,397644,20630,139881,11396,3044,6263,37741,71155,344749,24802,27500,78435,6214,23830,26229,9863,55263,6729,32165,93492,2225,341396,66495,17371,148729,124635,752,742,833489,902704,22561,5377,4151,1698,4428,3745,1375,2391,326249,109718,12167,209558,195511,53916,22885,81,35559336,47491144,12248,8576,9191,18596,1008,223,322,84,44,,66422,102,132,349,2353,33445,53,1001,477,2847,275306,139,10007,4021,206,6691,1004,41,59,47,44,163648,6558,133,523,867,715,121,56,157,93,849019,119,159,52,111,2427,229,757,60,755,44,1279,347,511,17518,15,4710,811,291,8409
Patient Sample,MS BATCH 2,Non-Organ Confined,OcProDx  413,60955,64,38,349891,2109,35010,410682,10812,3926,5607,47761,133986,474704,35346,55398,101116,29722,33885,31235,14622,65552,25476,48466,121525,1171,931684,96857,35011,218655,168773,4137,1558,1076691,1409719,36398,7195,8484,5180,867,4550,1447,2232,563738,211284,11184,352440,284736,63092,24631,66,39128272,61804140,106548,10075,14101,31818,7091,179,109,120,108,55,80195,255,274,419,2304,32924,176,575,253,6242,518785,605,10672,146,975,6791,595,156,439,149,33,215110,9221,71,485,1633,35,60,307,89,93,1401232,90,239,54,392,2521,243,552,76,281,21,1100,1063,228,14228,26,4834,305,65,19689
Patient Sample,MS BATCH 2,Non-Organ Confined,OcProDx 186,34394,53,25,152825,366077,22940,165970,9930,2524,2649,27846,70903,346315,23211,29889,63085,14919,18447,17730,6379,46816,12333,23387,76065,1224,325178,50191,12828,115981,99719,1922,1055,629730,729883,20471,6251,6288,4380,1378,2709,398,1080,317411,117060,4177,346628,139141,40599,15028,53,31775556,34621852,14134,6179,8877,20927,1348,164,184,115,278,50,53080,223,135,188,97,44432,99,820,345,846,232772,441,5756,271,578,4088,34,79,70,49,48,106635,4148,123,484,812,36,389,54,45,48,1012258,241,118,138,38,12809,330,571,60,195,10,239,147,202,12372,12,3196,253,33,8064
Patient Sample,MS BATCH 3,Non-Organ Confined,OcProDx 326,63695,39,61,302000,647772,37720,379395,10922,5876,7344,45253,149546,488813,32661,45150,139774,23408,39559,37571,14610,70118,13163,60767,127573,2135,400594,155505,44193,234371,165561,4248,3711,1184986,1223873,35285,2890,8247,10333,2266,4366,325,756,465920,149611,16325,243972,316931,55718,21606,83,40169880,60937680,14875,10009,15400,38007,8839,241,60,252,139,35,87657,323,122,2087,3112,90284,102,779,556,1100,504330,166,7217,23208,119,8147,1126,40,45,18,44,327968,14090,174,602,1625,667,514,51,95,79,1324975,124,663,445,456,177,460,1344,135,165,596,301,411,66,14478,71,2834,481,56,14884
Patient Sample,MS BATCH 3,Non-Organ Confined,OcProDx BH96,58156,62,78,349071,664130,24077,260176,11301,5976,13387,93227,235203,713807,39277,63327,204260,20813,37771,38733,10474,69164,19189,45696,119800,3146,668320,122615,31408,312009,251700,4161,2147,1880692,2067641,40056,5448,9739,7809,3531,7722,335,700,536334,207516,12792,268182,322055,158540,52581,24,39479952,63210044,21774,14016,12892,32519,6163,1062,101,846,167,26,88717,118,968,1331,1375,31053,55,983,385,1317,589454,80,9120,18680,191,13693,1043,154,72,12,209,218455,9278,101,408,453,923,43,90,34,82,1398094,174,124,124,1310,64349,285,471,589,328,66,391,295,429,11438,180,2672,751,63,16684
Patient Sample,MS BATCH 3,Non-Organ Confined,OcProDx MMH 238,56504,52,34,438991,816965,19383,208419,11967,6356,13340,65213,86405,536353,30036,57935,252755,24438,41866,43968,17759,73903,16561,49679,132839,2285,438252,125145,39666,252977,160891,2377,2161,1808114,1758256,43220,7648,9928,8440,1791,4789,193,1529,523156,174189,13042,136595,301093,106276,42598,56,54043188,63218368,15011,9558,16077,38434,4968,348,180,218,117,18,117001,131,49,904,369,46382,51,1092,548,1495,600145,140,5965,373,1071,8784,364,40,92,72,165,180227,7640,157,957,2272,505,442,49,51,396,1488724,229,142,416,89091,414,440,646,136,416,58,763,805,2783,11606,87,3508,1188,120,18843
Patient Sample,MS BATCH 3,Non-Organ Confined,OcProDx 318 (I50),49410,59,36,281784,622157,31606,307066,10539,5704,10531,53727,102672,436480,31709,37924,89755,22257,34023,17493,11050,76270,12622,40225,118195,784,489632,106323,32433,224017,166637,4070,381,1271216,1216588,29860,2100,9764,7924,3504,4389,686,3010,525859,181828,14922,247659,241572,65877,24605,57,43022176,64846600,13648,8321,16425,39535,4719,260,522,346,228,66,109559,397,852,1657,1683,31705,294,828,1032,1164,492451,196,9216,20651,243,5118,614,178,146,84,36,326621,14266,104,299,2258,597,434,29,37,58,1503218,109,68,402,270,35,67,462,475,425,45,1595,241,668,10120,62,118,127,31,17461
Patient Sample,MS BATCH 3,Non-Organ Confined,OcProDx BH103,82930,59,13,356481,809211,61591,650683,13921,8121,5940,36292,77862,217731,30961,35600,142353,13668,34339,45031,15220,64664,8598,46758,96255,2081,287697,75657,19919,204221,117841,3304,265,1765992,1696768,25460,6899,12731,9974,14589,5633,379,2282,433745,100962,14415,132258,233107,73023,30548,58,63467464,54633128,10894,12429,20567,39166,6061,382,152,808,127,15,105138,321,83,518,1067,82857,220,508,186,971,104664,133,8413,2308,182,13143,3717,214,373,53,42,150787,6176,604,736,1940,328,43,46,343,235,1354267,162,57,296,1180,2706,115,712,940,679,31,5718,473,287,12036,62,95,762,67,8442
Patient Sample,MS BATCH 3,Non-Organ Confined,OcProDx 119,79205,101,168,276288,576458,27092,302020,12821,5708,4749,57284,225870,551052,40988,55645,127733,29518,36786,41059,7930,55920,21299,49521,123477,144,546092,124965,33516,228538,159125,4765,1398,869929,897466,36091,15625,10711,10339,5158,5140,5530,3096,573173,217690,11534,155351,301514,76425,26262,379,41600672,68173168,19736,15991,14999,43442,9337,906,263,233,86,297,114287,364,294,699,371,20046,182,227,810,1702,467107,50,6944,10415,290,11987,762,148,58,39,177,88150,4398,200,111,1338,101,61,42,62,107,1401157,281,71,624,55494,227,301,325,247,470,169,1104,1214,4749,30855,20,3763,215,130,14671
Patient Sample,MS BATCH 3,Non-Organ Confined,OcProDx 402,72874,62,108,529940,922333,14884,193082,13350,6214,10208,81635,192157,716181,52283,64515,206063,36696,43220,40136,15094,101496,17074,67278,188039,108,525498,165392,54547,352242,226502,2335,779,1930247,2427258,56834,6699,6219,5723,201,4494,485,2976,773144,260308,11793,95638,419908,117838,46420,42,65735624,76033544,125249,16624,22339,50524,7813,69,792,228,103,82,140366,306,206,1430,1658,92008,97,838,477,1053,489474,267,4252,22716,1106,8109,354,62,858,108,86,32823,6501,64,375,737,241,302,44,102,42,1352410,489,244,453,452,27995,227,467,319,3001,714,463,69,359,12782,59,8548,2033,279,11926
Patient Sample,MS BATCH 3,Non-Organ Confined,OcProDx 99 (YF),66841,34,94,297025,655234,70544,817017,16530,761,3897,36911,213529,627134,45234,63283,92330,35879,41711,40910,9468,81582,23141,54626,106838,433,600445,70539,22282,212950,171037,4752,1128,1280649,1185750,42536,12597,10629,5503,9496,9671,1081,1120,508540,197800,13032,89076,271915,91913,29208,55,50126860,55540916,26693,18896,16249,45201,6605,83,148,156,130,46,91316,187,556,1510,2978,73012,244,381,256,2565,432975,112,6973,343,1164,10080,791,413,57,81,101,378669,15139,52,237,591,50,45,50,33,132,1473979,183,158,222,40439,42,70,129,224,676,247,609,1542,1856,20148,40,5229,210,297,15347
Patient Sample,MS BATCH 3,Non-Organ Confined,OcProDx 408,131959,46,128,622961,1185931,83969,1077891,14786,7231,6460,48950,142378,668880,46773,58404,141266,34377,47886,51259,18360,101689,19491,77011,126017,841,383430,129475,43428,284370,183053,3583,625,1980317,1889169,48797,6239,11858,8354,7464,5839,598,1100,763393,273416,13608,433303,383567,80894,27078,53,60694244,81064312,17622,16220,30814,61817,12122,263,575,313,286,93,98743,253,4554,1123,1969,98724,166,180,177,1972,731666,354,9461,18031,1904,6884,2202,89,251,96,150,136789,8384,380,94,1694,76,261,59,47,348,9369,173,374,481,42133,520,244,951,165,2678,59,587,313,3234,886,76,9376,101,33,10457
Patient Sample,MS BATCH 3,Non-Organ Confined,OcProDx 433,76976,89,53,372565,657322,30559,342682,14813,9279,5180,60461,155847,426727,43920,65390,109811,36462,39803,40055,9822,59545,26865,48706,111034,136,825496,87231,28744,276055,211608,4099,461,1504670,1576947,36642,7223,12931,7672,7654,6316,2217,991,541582,199886,32373,172207,324201,65774,24722,687,46272404,59346652,18963,18019,18024,47144,7779,701,118,65,156,91,76120,163,658,488,4215,59010,85,749,448,5151,585223,109,3235,11875,176,9257,175,120,82,152,375,266838,10778,133,458,661,59,147,33,25,116,1316671,135,911,219,42488,5196,203,644,348,688,72,231,117,4927,23400,47,4966,724,42,14749
Patient Sample,MS BATCH 3,Non-Organ Confined,OcProDx MH/05/116,90087,49,43,516500,903018,49914,643010,16093,6897,5321,53225,95248,662278,48890,68386,93830,40787,53947,43914,17410,90000,26821,76130,156823,151,473568,136402,35014,291204,202134,7193,1917,1846341,1691693,49251,11616,11619,9491,7022,7570,2627,2047,581875,215678,23808,314067,361005,96294,37511,148,51711696,66240024,24550,19926,23215,54287,10580,483,118,1460,148,36,88531,59,372,1763,1073,145434,89,615,357,2245,766064,160,7536,172,1650,15883,877,119,540,197,330,381559,14636,142,404,1236,234,441,21,78,104,1581753,587,220,301,31173,793,381,411,363,787,25,540,426,4002,175,71,8203,1798,1058,14610
Patient Sample,MS BATCH 3,Non-Organ Confined,OcProDx B119,58166,52,50,398593,721550,29751,340554,11704,5146,5271,53635,74748,574755,35791,49864,108255,33301,39375,39941,15542,71616,21559,43619,72160,86,447475,82787,19777,254652,208260,3836,337,1749472,1613219,41290,7993,13446,8191,4042,5220,224,1023,613170,214681,18893,241427,259200,69671,25081,40,48309188,74355352,12928,13280,21666,50826,11252,158,638,254,143,37,91119,248,105,2406,1453,21838,66,260,387,4789,627098,252,9116,97,1499,5582,109,493,48,31,238,410272,13683,109,207,663,178,36,42,20,113,1560923,93,86,251,37456,32583,136,652,69,562,378,667,605,2322,9979,60,7085,101,42,8844
Patient Sample,MS BATCH 4,Non-Organ Confined,OcProDx B104,49986,19,19,336831,820432,27410,298320,13839,7297,4563,45081,89867,325260,31809,52383,104040,32380,32132,29320,11372,90521,21285,45876,81329,876,766478,96456,27159,201758,145297,3140,442,1511467,1535272,36192,6750,9828,7195,5264,4494,408,802,503857,174123,16742,239118,284035,74273,30713,46,33969036,54687360,16519,8681,13732,37520,5699,682,124,114,46,14,47502,307,514,1496,277,96594,61,731,436,2656,444548,220,6896,19654,1057,8190,28,50,160,132,201,98483,4442,86,38,521,63,180,34,32,33,1433759,77,121,70,39959,179578,148,215,55,170,89,305,541,255,14946,11,3961,238,60,16440
Patient Sample,MS BATCH 4,Non-Organ Confined,OcProDx 479,30865,64,89,278776,674658,26457,259195,13445,7277,6277,74339,86364,591319,26140,35741,59196,21194,28012,32899,14650,62839,16421,40336,70041,221,232338,87895,19158,240269,163736,2244,722,1209206,1712134,29673,5954,8804,6470,3830,3843,237,1299,466340,164730,13444,222979,202700,116537,43191,65,46340528,64049488,11509,9035,19356,52700,6236,141,121,209,144,25,65147,292,192,1735,2078,139922,33,219,146,1344,569219,230,9411,6851,65,8140,407,115,147,64,195,336285,11494,150,271,251,292,324,58,54,42,1055015,79,617,576,25224,20208,313,538,648,222,42,235,739,383,18449,135,5472,261,154,6300
Patient Sample,MS BATCH 4,Non-Organ Confined,OcProDx B126,70809,23,17,358822,669791,30482,412571,16063,8267,9071,68432,67079,371033,45912,72176,165779,25469,37397,37682,16497,95682,23845,56087,136111,108,674072,90688,27293,280007,203486,5960,64,1972391,2296164,46590,9728,12829,13106,4344,7657,220,496,709638,247616,18344,298716,315855,110285,37347,61,62765780,79937600,19852,10785,23256,50963,12009,267,267,521,216,51,67691,81,768,1573,1775,65321,65,677,278,1340,771949,395,10769,23084,1494,7559,44,83,62,30,90,32741,7976,103,869,1387,48,813,21,50,89,1570484,154,203,200,54742,149403,229,750,72,724,30,583,1749,5955,12350,40,6835,493,31,20897
Patient Sample,MS BATCH 4,Non-Organ Confined,OcProDx I20,22702,64,11,74610,221910,12217,82893,5526,2260,678,16428,54540,159182,10416,19967,35921,10091,10898,12499,4816,24323,9225,17468,48553,505,158532,23333,8098,65908,49469,1233,103,363933,528169,13637,4231,1718,1300,979,1524,191,481,144713,54379,2707,70427,77105,23432,9060,63,20074192,25675020,5602,3796,5100,14062,2536,116,453,129,59,25,35575,92,320,638,43,29879,76,82,73,573,106656,784,2011,5391,42,3798,199,92,64,69,57,2457,2641,42,321,52,23,51,34,40,30,402205,36,85,41,10570,100029,65,216,178,47,316,193,108,65,4297,51,2359,66,47,6056
Patient Sample,MS BATCH 4,Non-Organ Confined,OcProDx I70,39159,67,22,442815,981971,27853,303017,14058,7549,4672,45415,99240,359042,32359,53721,109051,37226,31303,28113,10543,74615,13967,45846,102386,118,454993,97322,24305,225785,172102,5851,889,1613385,1460136,31836,4974,6163,4973,1061,4585,115,1225,433807,136028,9707,180931,240797,71776,28328,68,44723160,62795080,13959,7535,14877,36003,5013,168,423,403,395,15,115643,261,129,2163,1771,55898,95,480,448,3269,518541,54,4612,17973,930,7448,116,150,251,92,149,82981,12518,66,580,334,440,141,22,72,112,1128484,389,615,112,31843,118613,398,196,137,183,65,453,126,495,14629,71,4485,74,72,11867
Patient Sample,MS BATCH 4,Non-Organ Confined,OcProDx  286,73954,69,117,562590,125758,52682,619265,16437,10639,4486,49048,206289,1007529,63788,90953,129511,50411,51747,48512,13597,151692,30609,64007,233497,140,1057216,150048,41253,298450,243997,8320,2310,1503783,1588134,52501,5771,5358,5098,9064,6523,433,5027,749293,297295,24922,459829,441373,89316,33500,20,49522424,67742992,31442,15540,20140,45394,7741,781,159,857,1067,45,73946,181,553,2123,2415,161517,74,1543,691,3157,541705,350,3739,9463,2208,11188,2067,261,82,13,53,182425,11471,124,391,175,20,255,35,18,176,1866706,131,232,139,333,9769,209,162,54,774,109,2132,386,308,12712,42,8073,885,24,19667
Patient Sample,MS BATCH 4,Non-Organ Confined,OcProDx 279,56929,157,21,360333,699365,17310,185380,14246,7393,8682,74466,315989,905674,44169,65026,173583,18433,49651,46527,16185,70962,24669,51059,150484,881,619088,120421,32467,305651,258195,4585,1769,2100385,2033473,36480,5168,11817,7554,6758,5701,147,4231,613054,235316,12781,291035,367382,89908,28569,14,51259900,61427344,17556,17400,18499,48817,6114,437,131,107,61,94,102868,597,376,2403,277,47664,87,607,319,4002,574669,260,6147,15758,1199,11527,1681,88,274,103,133,254089,10428,58,518,297,70,510,63,20,83,1072553,30,148,183,2168,45,270,116,92,230,14,440,316,151,504,87,6339,291,108,11226
Patient Sample,MS BATCH 4,Non-Organ Confined,OcProDx 405,71205,35,84,397688,785859,43369,436302,14623,5841,4409,58244,257320,915541,33271,53461,95499,30156,31243,36527,10343,84622,17872,47010,129521,2385,426786,95368,21636,260232,179086,2729,4084,1412522,1526164,37067,4809,8330,4839,18765,6510,306,2081,464430,149496,3813,232853,267624,138069,50164,31,41362196,63847956,14714,15113,16417,44552,7452,141,359,275,197,20,85567,232,823,1226,505,127114,64,889,218,2704,524845,715,8708,10056,1622,7292,1600,329,266,41,154,140587,6977,85,213,1301,153,362,21,56,39,1132939,91,177,526,29489,276,502,253,354,664,248,802,68,1263,718,58,6000,360,814,10056
Patient Sample,MS BATCH 4,Non-Organ Confined,OcProDx I76,50936,58,78,287008,596805,25636,302118,11202,7219,6411,61659,71954,291578,41572,52684,94278,21703,34818,34294,11965,65986,16918,40914,123992,1550,626098,159031,39266,249052,185786,4272,2889,1511080,1477035,24368,5861,5658,3476,22430,5763,293,2088,491151,185813,5714,206367,216224,98429,31245,90,40046488,61349052,20233,16876,14514,36793,8052,654,961,250,121,29,71547,272,96,1500,1511,93205,61,986,517,5381,505060,113,5258,20799,1995,13572,1181,110,86,108,116,184940,9765,38,430,1388,85,432,68,50,99,1204173,190,174,209,412,49458,216,904,57,451,111,615,149,55,10095,67,7087,457,28,18025
Patient Sample,MS BATCH 4,Non-Organ Confined,OcProDx BH63,64113,29,77,462945,751478,18300,237263,14004,7854,7443,59846,117933,544490,51649,70783,174023,16633,44617,56912,15368,85442,14480,48357,147758,171,1032477,114362,36107,263770,189960,3351,2088,1734480,2206766,41102,6411,16284,12494,7422,5456,691,1759,672230,247537,20646,348999,357743,95864,31912,19,57739276,95892144,38287,18164,18918,49248,4969,495,160,481,190,54,96038,491,257,2757,2728,120610,219,1106,511,3346,717029,68,7229,17324,2958,9421,3684,48,279,111,67,302593,19033,159,576,1537,77,216,60,26,92,1928111,91,82,605,45809,3287,118,297,173,852,37,1765,454,4284,554,79,7277,603,85,26523
Patient Sample,MS BATCH 4,Non-Organ Confined,OcProDx MMH/051/0116,36515,27,19,254567,357176,14511,145595,7018,3494,4183,30440,112935,411044,19843,32282,69418,17120,17862,18847,5463,66102,28528,32342,90917,1840,556358,66937,20423,148914,131876,2349,897,886871,1060756,21466,3263,5153,5167,7589,3541,172,522,312917,119713,2220,154546,150508,64492,23795,54,29889050,41877000,9441,6981,7321,22366,6069,381,244,91,162,29,44902,147,78,1629,610,75387,150,589,388,3076,268238,692,5992,23503,602,5869,662,188,21,42,65,109163,5768,854,104,385,65,66,77,102,21,826403,70,75,34,244,11674,64,105,180,444,370,2195,209,491,29,17,4779,542,256,9315
Patient Sample,MS BATCH 4,Non-Organ Confined,OcProDx M92,61213,34,27,502118,666758,31071,376039,11356,4687,7043,52184,64863,361889,48933,84186,190154,27772,46408,49327,13162,122357,24944,60151,148078,1015,763167,126890,38461,213917,172873,4253,2877,1726698,1864299,40568,9623,11826,9231,21705,5245,212,2358,842937,292475,3558,317703,284336,96713,37294,52,57707988,85103968,24053,19140,23064,51969,10322,732,669,199,700,43,51150,419,575,962,1806,70180,137,910,317,2687,852753,52,9459,7085,1076,8965,2981,186,42,2812,89,82590,5070,68,793,1954,307,215,78,199,72,1663417,182,102,257,43301,283,314,349,442,257,98,1169,1663,3044,9027,38,8194,379,68,21330
Patient Sample,MS BATCH 4,Non-Organ Confined,OcProDx 394,64497,29,197,412280,438310,19099,247577,15201,9962,5868,49738,116283,676475,47221,77408,197801,38435,36005,48150,16522,102112,23311,58345,159195,121,773619,83803,24697,271492,220292,3552,1669,2043601,2016369,36390,7184,6304,6461,5311,3940,49,2945,693814,254788,2980,296316,313451,82304,25899,62,57966168,98382560,19083,13397,16023,51930,7695,165,266,103,163,41,117458,99,66,1265,3259,96417,226,1057,41,3804,820242,302,5674,18892,1671,14681,2506,116,135,3950,79,132244,10105,94,493,150,238,46,49,41,44,1752437,83,141,45,414,288,179,353,89,494,17,228,252,552,364,28,8557,254,25,14391
Patient Sample,MS BATCH 1,Organ Confined,OcProDx M427,48647,32,31,320899,879871,48337,382241,12197,7173,8545,49177,142819,663100,34007,35598,153847,14983,32201,40949,11821,68781,11445,44690,102255,1065,275491,73370,23496,117481,169168,5331,916,1284593,1352176,29991,10807,9665,4090,1393,2040,746,1524,559948,205559,10519,319373,312834,76079,31272,35,39565440,59229500,26165,13007,19341,44621,4969,241,365,129,62,80,145161,165,191,450,842,70293,105,1218,222,1853,425876,377,5139,530,126,8526,66,62,205,41,180,145189,6609,59,58,539,1006,336,33,285,63,1585501,145,129,349,258,512,106,247,386,556,40,86,175,132,18881,29,5354,144,42,13862
Patient Sample,MS BATCH 1,Organ Confined,OcProDx M 157,50130,59,71,170472,568159,21249,160715,6982,5373,16196,115044,458408,1955598,51645,58873,121452,10435,37631,36140,13088,79200,11263,58748,174498,952,889050,161972,49282,545463,390665,7064,2747,1426902,1397157,41840,12200,8070,3589,1773,3916,100,2067,629850,210076,18371,214555,483512,164634,59777,54,35313740,23731762,38457,22974,13304,33263,1982,326,69,246,106,25,55668,57,201,1321,1794,74600,115,1304,456,4532,373025,196,6246,312,3039,12835,33,510,215,106,85,400605,18152,78,188,345,193,62,241,153,92,1255353,84,106,634,241,216,436,524,400,444,46,1085,4513,399,15478,39,4505,20,30,16569
Patient Sample,MS BATCH 1,Organ Confined,OcProDx M465,77627,49,55,292785,779186,24673,211561,14966,2353,4044,67273,75403,614090,40534,47134,131472,6192,35933,36137,13038,104799,14688,49276,142156,802,178479,112083,39694,255029,205446,5663,4918,619413,1328183,26865,10823,9355,4343,3713,3446,408,2638,669931,208832,17820,263547,378159,107528,47317,111,39782560,59832480,29233,15318,20882,44248,4997,290,313,964,327,22,100850,324,161,3028,4007,94325,68,1237,687,2996,584489,464,11762,6176,2572,6372,104,190,298,71,126,528659,25023,62,300,377,290,293,102,136,123,1402385,161,111,193,668,19024,179,107,150,342,51,818,1089,71,18451,171,5823,1873,136,22890
Patient Sample,MS BATCH 1,Organ Confined,OcProDx BH035,57560,30,65,178805,467720,24699,208577,16414,8594,15575,130796,316251,1359378,57071,87459,132506,10034,41399,49546,14923,111077,10142,71603,178556,1881,979252,258944,82561,209406,267120,6332,2522,1704551,1706221,46425,9165,7462,4391,1671,2014,287,2453,750392,250619,18205,466868,511720,78636,54590,86,43197368,68343400,51688,29698,23106,42143,5504,769,385,775,230,44,65833,87,3370,667,2025,102754,130,700,35,4062,672176,167,5198,2968,5126,7527,80,87,197,10,47,177329,9005,243,1198,681,139,39,323,89,145,1555492,520,72,490,26862,4515,369,353,395,560,338,1414,2026,2036,21271,50,4579,368,43,19032
Patient Sample,MS BATCH 1,Organ Confined,OcProDx B45 1,81041,81,48,251474,845392,40338,250847,14106,2934,11381,65865,131669,668074,36546,38622,126003,9303,32233,46446,15709,81802,6756,54138,134444,1783,344803,184495,54965,345482,181016,6860,2370,1724100,1818237,44720,10209,4883,2602,2191,1686,230,7510,536826,109579,14542,457907,409456,92743,35729,36,51350912,59655560,25399,22277,20848,31179,2622,777,549,1810,585,99,96536,482,661,1260,2559,87250,56,1295,241,2169,677097,51,2131,803,28,8718,107,131,61,34,65,339545,16260,182,72,436,1334,110,59,416,77,1639071,700,141,445,887,33,269,1106,150,470,21,429,51,1412,23359,100,5528,140,52,11171
Patient Sample,MS BATCH 1,Organ Confined,OcProDx MMH0074,35872,46,35,220618,623131,15102,138877,7777,1430,10606,59846,188084,750393,32627,42081,93141,11475,32081,28564,10792,64382,10423,44860,90866,838,607338,83132,27081,193935,237566,2271,1566,1130508,1208591,26057,9655,9376,4270,1999,3023,426,1338,606969,191038,13272,288655,289837,91796,36439,8,36874680,51731432,16751,12082,17122,43999,2704,431,120,258,79,34,105856,167,343,240,451,110402,36,564,505,2123,364196,364,7002,8429,186,3695,39,100,85,18,204,52426,2454,78,233,223,60,58,99,68,46,1419859,214,60,856,399,436,105,1483,292,312,220,715,887,90,19789,65,4491,599,45,15178
Patient Sample,MS BATCH 1,Organ Confined,OcProDx B112,53132,38,48,326883,687277,39405,478713,12181,8540,10566,62664,75538,808702,58997,69004,122606,21983,44263,42187,16441,94219,15211,47355,127637,1987,1069461,146874,48196,237146,199934,6361,2557,1524876,1384795,37466,10015,10817,6177,4326,4479,583,5831,665388,220280,18106,372006,367056,100540,34266,60,43177088,65749260,39051,21043,21426,43542,7139,354,334,2082,102,36,85610,521,832,222,622,113668,55,1037,382,2339,633623,301,10388,14698,2955,16632,44,94,51,126,76,56582,3296,404,47,551,300,188,177,23,90,1818530,177,180,462,724,198,131,401,35,556,41,258,1044,495,20543,45,5549,50,411,15226
Patient Sample,MS BATCH 1,Organ Confined,OcProDx IMM102,45042,37,21,194781,514704,20697,187659,6147,1665,12575,74212,238438,874209,39821,59330,118855,16833,38808,33507,11124,99510,14476,42149,75998,1803,1347,99359,34805,261649,236948,5495,2298,1083085,1177408,32933,9008,3684,4851,2051,2131,636,1566,609814,216439,22981,188893,399680,79286,24581,48,35124100,55895820,15516,16962,13795,35789,1376,434,228,248,59,21,72233,130,180,652,1216,94234,58,625,294,3828,463133,312,7630,180,613,6424,439,107,63,12,113,179343,8370,50,192,235,36,120,37,125,57,1368216,75,205,478,978,41,317,764,375,917,209,1976,189,44,18169,101,3857,913,44,17767
Patient Sample,MS BATCH 1,Organ Confined,OcProDx M181,57776,154,27,230534,559514,23201,334832,5241,5176,4468,44307,101834,604988,43932,60251,84106,17629,32446,28326,15394,91693,13947,49397,140306,2776,583916,73205,19677,231919,179801,5470,284,1527939,1564395,35121,10856,8775,4578,3980,4374,168,378,429993,217131,10376,173330,315182,61475,22133,43,45131720,39536080,29307,14363,18195,44910,5699,817,124,183,191,,68289,243,76,1386,2270,107008,216,466,678,1457,411481,179,5291,318,972,3388,25,82,69,54,144,379396,18306,133,76,259,325,74,52,107,42,1253535,59,134,273,462,32,118,124,149,2071,45,1147,1387,350,19205,55,5416,425,186,350
Patient Sample,MS BATCH 1,Organ Confined,OcProDx BI53,65199,132,60,253135,519836,17304,239135,7734,2851,1716,42093,208718,597897,25375,42466,81257,22022,32242,32187,14365,56651,12030,26975,81645,1735,542326,102998,25687,178027,156852,2449,1005,560359,1284270,34995,11166,6127,6182,1993,4921,1222,798,499150,175093,33576,198788,76146,66864,26003,47,38003880,42447600,28401,12366,16821,40442,10282,324,107,129,332,49,97951,456,713,1785,2021,129654,26,355,168,1922,284730,244,7812,254,439,3937,50,304,9,28,126,532274,22835,197,122,281,1114,82,169,39,132,1157748,107,161,227,19225,1353,417,838,518,69,137,3649,184,269,18212,30,4558,1097,121,17311
Patient Sample,MS BATCH 1,Organ Confined,OcProDx 378,72979,43,27,317083,592893,26583,275130,17244,4432,1941,53468,92158,429039,37066,54765,129767,23429,37592,32133,12109,64006,12851,46185,103356,1910,617776,82433,25114,215770,176828,5945,498,651157,1467802,29529,10152,8139,8648,2970,5620,1196,1708,607253,215691,12469,244300,994,77132,27803,84,41254540,48503800,26982,15689,16377,39110,6540,353,85,137,86,57,79077,218,271,268,562,144105,142,168,605,1388,575756,220,9207,411,1613,7548,211,174,235,113,127,34382,3473,47,50,449,1521,72,40,39,128,1293549,250,144,278,49350,418,327,336,311,337,20,274,177,1219,20057,60,7020,349,33,21192
Patient Sample,MS BATCH 1,Organ Confined,OcProDx I103,40940,37,57,294387,492016,25862,238705,10000,3347,4198,28096,76410,266702,35212,40476,124648,23253,26195,12967,9486,65224,15972,40450,96234,2156,619617,29607,9689,164260,160076,3249,1387,951018,990717,31400,7830,4395,4496,5573,4875,1239,3964,335374,158435,77929,179834,238333,35355,13086,35,35816888,42776952,18244,11216,11099,30528,4983,324,137,75,64,42,74677,273,253,305,567,94817,92,428,451,1394,363868,234,9540,75,514,9687,81,122,266,47,82,189789,8139,52,216,282,611,168,50,105,38,1138415,84,247,238,956,44,126,571,171,935,668,745,1085,225,11602,32,3006,1181,363,18941
Patient Sample,MS BATCH 1,Organ Confined,OcProDx 435,47868,70,19,216280,448539,20563,170515,12133,3616,1417,53938,171319,634449,27994,40054,88429,19887,23541,22582,9566,38420,14217,24794,71495,1473,611669,70834,20291,190057,184823,1823,1242,553080,1286524,23866,9723,7933,6370,2918,4697,1718,1541,417917,175556,8544,179060,255250,78755,28980,34,33035780,42680472,18643,12200,14233,35284,8014,553,93,336,102,13,63685,120,99,220,271,90197,189,818,559,1238,302877,310,8690,225,879,2418,326,105,110,47,73,66692,3184,66,139,267,1354,127,76,129,57,816545,72,216,203,693,3926,236,420,116,519,380,260,275,255,10578,31,3921,131,85,895
Patient Sample,MS BATCH 1,Organ Confined,OcProDx 416,44102,35,37,288158,533103,25601,248763,13642,3055,3070,44776,106247,394556,32312,38454,97832,20519,26955,29891,11391,62546,11687,38682,91605,1474,515158,119372,29198,202366,159196,1761,432,1209233,1332636,21547,8989,5090,5861,2184,4629,2677,2388,351418,194412,9837,189421,268896,82195,31861,73,44494700,47700192,16730,7804,10981,24244,5376,141,270,86,120,30,53522,70,88,426,1256,94031,108,144,480,4624,403401,353,8232,4608,228,5929,537,90,514,58,116,144915,6740,202,283,268,712,62,84,35,78,1202836,219,306,319,537,49884,117,152,202,497,248,2526,82,2420,15165,32,4158,854,37,13029
Patient Sample,MS BATCH 1,Organ Confined,OcProDx MMH-09-361,44916,40,39,218242,544377,25628,219492,10370,4112,7477,47502,10881,201705,16052,23220,91814,16112,33155,30767,13976,73806,14082,38116,98645,919,333609,66107,21722,204374,141298,4770,1971,1321284,1367346,21435,7816,5688,5358,5577,4157,521,3921,468933,169244,8930,128166,209632,76136,23030,25,39285648,47570820,12296,10593,16031,37122,4085,446,155,221,165,46,56991,533,1558,860,1007,91250,98,1004,157,6605,349973,31,7077,252,154,13713,45,119,56,90,64,152492,6883,126,741,239,695,136,127,96,60,1125263,183,130,181,12155,363482,149,75,473,82,713,2750,1171,1068,7820,180,130,224,46,20420
Patient Sample,MS BATCH 1,Organ Confined,OcProDx M314,83160,47,30,264086,664606,18839,303535,18074,7847,10013,46978,181171,628584,46047,54649,144764,19905,42492,36872,14044,89871,12035,47145,159250,415,524787,111935,34361,148390,177402,6360,1029,1277310,1474802,34211,9218,10304,7230,2656,3623,709,2112,684772,205852,16872,421302,415507,79732,34644,115,45927072,52830008,22578,8806,20063,42480,7014,406,99,418,338,50,76419,418,392,364,592,93037,50,588,488,2465,503531,2,6520,8531,1419,8689,57,110,642,113,48,182262,9014,125,211,2211,390,84,103,98,37,1695373,351,91,147,54401,163882,164,280,184,415,450,1455,1849,1005,16708,219,5795,130,112,16984
Patient Sample,MS BATCH 1,Organ Confined,OcProDx M301,103429,71,48,205333,604457,24044,205383,12181,8481,8014,64259,144302,545907,45053,56121,114703,15253,35318,39017,16428,84741,10634,47016,133064,637,608595,119136,34762,105602,135960,6454,1405,1547601,1593125,23604,7215,9880,5327,4182,4275,1010,1615,572908,192761,6722,307097,309174,96253,33254,21,42239552,55081248,13650,12408,22200,47041,3273,674,128,646,222,44,69214,161,494,1118,2160,88326,86,1117,1047,4141,389622,35,7992,163,595,5640,63,93,28,247,78,63645,18103,116,220,393,610,57,66,58,55,1516468,148,264,351,16106,406188,242,761,145,478,68,1650,2434,378,14989,219,80,104,21,15154
Patient Sample,MS BATCH 1,Organ Confined,OcProDxBH42,58568,21,34,264222,635292,50689,382382,5785,4628,5791,43452,113750,650906,24308,15816,39688,13264,28389,32783,13574,50862,7649,40028,82712,854,240820,89891,21042,133864,142546,2498,1708,1678563,1839918,17509,6399,4204,3736,2056,3744,713,2444,361981,107265,13183,210039,212014,71556,34374,122,48429280,53475900,4868,9244,14795,32909,3337,344,395,226,62,31,74415,215,344,169,1045,84783,122,501,581,3527,396490,2560,1308,1214,4758,51,330,54,214,259,110403,3648,115,565,642,1264,216,86,87,60,1004159,81188,73,183,11368,102033,,241,244,183,237,381,3079,879,70,6404,231,5857,900,33,5009
Patient Sample,MS BATCH 2,Organ Confined,OcProDx IMM 92,60323,47,155,320397,458211,39098,309328,18204,9603,3437,39070,162248,589695,34733,56540,67049,18211,37343,39530,13343,89172,15946,57542,141158,2584,240162,93905,29469,195471,161340,4120,2834,1128000,1066875,38729,9475,7252,4089,13044,6400,2936,1107,494342,185371,7676,319304,266713,76970,29078,102,40699732,50030664,18419,14193,16894,46057,5624,135,76,663,231,25,121801,886,990,831,127,61940,42,833,148,6558,446110,455,7835,177,2069,7667,57,230,179,37,51,259463,11497,252,55,944,3227,283,151,47,64,1069759,249,2792,464,19961,310471,190,350,276,66,331,850,1167,777,16451,29,5840,429,19,11753
Patient Sample,MS BATCH 2,Organ Confined,OcProDx IMM 10,45069,45,9,173788,357218,14995,135871,13016,4030,3478,39278,69414,287320,21597,37025,76521,12393,16960,18411,5702,65683,12834,23037,75188,2638,530372,51623,15615,97773,81946,832,1325,866064,766058,26793,6974,3374,1970,10533,3814,3030,1972,280319,118847,10342,227616,204900,50607,22264,39,27279208,39489100,13935,4739,8878,28516,2641,306,315,403,32,24,45917,541,1324,1092,1842,36026,67,945,520,12431,251287,310,7697,123,446,4585,14,132,193,177,97,116093,4693,131,216,1121,3038,56,40,88,39,856495,199,81,45,17373,173528,125,251,166,79,65,3006,714,125,8827,32,4521,223,33,14601
Patient Sample,MS BATCH 2,Organ Confined,OcProDx 420,73554,31,21,188333,520050,65897,347115,14719,7351,1836,41735,176344,603872,30733,33244,46016,9815,25412,32458,11981,58891,7847,45262,93104,2822,239925,77965,16613,183649,141363,2539,3558,1538832,1439541,21454,9397,6275,2925,18453,5291,2388,2801,340062,83113,17717,228019,183486,64282,27468,66,40272816,47991964,7875,7577,16777,34106,2664,393,538,253,151,42,51549,206,1593,182,1626,78754,50,761,501,4769,420519,270,10131,832,3389,10348,76,143,99,88,97,37245,6305,182,142,1086,2609,214,191,253,116,1006273,560,8818,577,10048,100051,204,96,215,67,47,6839,311,71,18653,85,5497,695,28,5543
Patient Sample,MS BATCH 2,Organ Confined,OcProDx IMM 387,47392,27,26,342500,499849,38759,355408,13001,6061,5285,24243,157768,599359,33451,59831,89738,17277,32913,36914,10699,72767,12838,50676,124450,2643,687581,97912,26715,243147,174933,3245,397,1444142,1463409,30863,8751,9162,5311,23634,5114,1285,2165,463682,163519,97288,297183,277083,85637,33711,34,44394636,67337840,20405,6990,12306,35370,4315,196,445,93,285,41,107362,706,2542,703,913,67949,67,834,574,3143,564436,189,8936,127,3394,7605,69,118,114,25,88,142027,6717,434,367,943,1559,68,41,262,144,1548306,221,1336,373,21972,398822,78,374,133,489,281,8203,955,809,16156,26,7425,1310,38,13854
Patient Sample,MS BATCH 2,Organ Confined,OcProDx IMM 316,69525,39,43,198410,374044,38066,304227,13881,5613,2616,33858,112675,852973,36642,37291,98606,10961,39133,43556,17304,64542,10528,51752,115662,2638,443579,108211,31334,269036,208111,3870,2353,1792571,1848474,32465,7921,6411,4535,16197,7525,1818,4748,551946,164996,5844,309000,280300,107942,40347,20,53657044,68778160,17765,9965,20869,48500,3265,201,266,285,46,35,91406,999,4796,941,363,43061,50,1207,992,4530,621953,270,12061,332,3123,12384,678,319,61,42,57,309537,10875,511,103,2212,2427,151,107,105,210,1452365,582,8216,503,23964,336115,122,326,343,436,65,3234,867,172,21194,81,6367,144,50,14498
Patient Sample,MS BATCH 2,Organ Confined,OcProDx IMM 446,79079,51,48,184457,394504,75162,430426,13869,8895,7298,50068,154029,524694,30341,34629,71469,7142,29122,41550,16170,68066,8247,44088,94671,1945,209554,94359,22607,168192,118887,1468,552,1131222,1244005,23623,8326,6944,3591,16010,3889,5395,2629,335186,82727,21671,205113,194707,95669,50273,44,43625284,47555816,9872,7936,21181,43593,4040,253,88,853,773,36,75108,213,2133,38,1125,54520,116,1057,752,2979,354811,631,6389,506,1732,10328,989,88,150,17,53,156016,5923,306,681,1979,2868,229,51,191,344,1102755,372,10269,369,20336,224797,272,447,1263,498,27,17996,1358,362,16567,47,7065,544,14,7932
Patient Sample,MS BATCH 2,Organ Confined,OcProDx  229,36080,67,55,218501,378609,20394,178567,12428,2947,3125,33326,15511,239725,11000,14953,74257,17050,24366,23589,8651,58399,15884,29208,73292,1365,414687,48157,14742,144669,125948,2907,720,593442,962562,25917,4991,6430,6711,308,3397,430,2470,375197,138711,5958,173018,174188,58502,22896,53,33633104,46299564,14643,5464,10921,31037,2719,384,218,150,348,31,45586,256,501,1353,974,82523,43,924,1248,2760,292564,545,7599,102,1060,9593,165,82,200,97,57,129886,5139,54,61,619,506,256,19,92,28,1054926,66,29,58,336,260,207,295,81,498,134,84,315,2832,11519,64,1816,360,30,19625
Patient Sample,MS BATCH 2,Organ Confined,OcProDx  194 1,58309,54,54,228483,555679,48526,434236,16597,4551,2658,42541,97343,677475,22828,27969,34952,13533,29657,33371,10746,57983,8643,35565,76772,756,200584,81586,17546,227700,167228,2745,1831,1210645,1208134,22476,6369,8919,6213,5578,2408,1222,3455,395307,99394,4498,221281,231892,75729,27806,67,49965088,52036188,6385,7861,16266,38984,4103,345,546,390,56,17,53800,234,2299,653,420,22223,145,483,575,739,425798,578,8901,318,1039,6175,82,170,62,69,91,168542,5099,115,382,1525,73,181,159,55,118,848603,315,78,255,125,8893,182,172,258,66,224,1706,68,42,20224,34,5314,62,57,4462
Patient Sample,MS BATCH 2,Organ Confined,OcProDx  B81,14962,26,32,52289,197745,74852,294893,5046,984,340,5444,76818,143130,4502,13260,1946,5853,7997,11909,4335,16015,4726,2689,17123,631,28074,2387,2608,28920,21236,316,147,266005,305644,5984,4075,4655,2197,762,70,719,408,61665,13567,3748,22262,17534,35353,24716,26,13317337,12324777,3403,797,9182,15189,70,50,230,108,49,30,30344,47,521,171,62,4755,51,268,112,749,116833,198,4193,548,238,1162,484,23,38,6,16,9241,409,4394,205,421,1,136,32,167,60,87137,28,47,115,31,504,53,58,149,251,118,2309,68,396,5756,64,1461,215,54,527
Patient Sample,MS BATCH 2,Organ Confined,OcProDx  242,47757,51,28,108997,305469,31009,184295,10596,3788,3022,31971,94037,433065,23601,30751,28029,8390,20113,23991,9635,46423,5639,29427,68649,814,259982,65338,14562,142553,122951,2352,1590,824061,941012,18872,6304,6418,2094,565,2224,428,772,329613,103511,15908,113854,156440,48205,18902,52,33785348,31626010,8766,6171,11480,25799,1260,193,529,137,80,29,38562,249,156,198,1053,25425,109,1284,760,2304,255832,308,5287,250,895,4173,554,126,72,68,509,43930,1735,115,59,920,29,268,29,67,37,936179,182,282,133,245,139,53,1234,41,389,57,168,57,585,17832,39,4351,155,17,5285
Patient Sample,MS BATCH 2,Organ Confined,OcProDx  219,53366,62,51,163212,405746,30269,252782,9977,3475,2560,31493,109331,344632,22705,30798,29836,9991,23421,34312,12175,52805,10489,21308,60868,1010,266719,56059,12631,146827,119911,1424,1236,63055,970916,20726,6301,4902,3596,336,1095,857,2693,261273,68886,15149,109195,110512,67182,33986,58,43202404,45316260,8841,7328,17446,39340,304,234,458,446,97,26,56203,88,974,107,279,31982,27,1120,1257,1904,346081,252,9299,823,431,5219,1099,36,31,10,141,91112,2697,210,115,1290,38,131,74,118,100,783540,60,999,521,564,358,94,339,2521,978,86,15252,87,66,19127,79,4439,230,270,6787
Patient Sample,MS BATCH 2,Organ Confined,OcProDx 87,57372,66,43,321487,682178,31708,281315,14000,4706,5187,64720,75141,304064,33078,46964,128010,24856,35771,36060,12044,73433,17524,47069,116819,1469,541934,77312,23796,211759,183764,3791,1270,1965046,1673814,32537,7935,11692,8278,562,3060,1353,2898,461452,165311,5350,265931,250767,93568,34823,179,42564352,54996072,19694,8020,16888,42684,3431,391,272,406,59,49,121127,130,134,1660,1726,25247,151,453,652,2543,494145,1041,9488,13601,798,7287,44,133,139,117,72,298822,11519,77,1700,1412,60,148,67,41,106,1291471,135,63,376,928,45,264,82,242,411,127,1537,671,3147,16318,50,4659,250,143,12741
Patient Sample,MS BATCH 2,Organ Confined,OcProDx 416,45921,1,35,338362,599378,25803,246232,12713,3946,6179,49545,121616,469226,37151,61948,108725,25555,33276,28587,10781,76035,25767,40803,110992,2301,805663,113810,30681,213444,190885,3583,1003,920106,1418504,36546,8032,8509,10670,23,4527,237,1353,550152,211088,14282,179190,279133,83824,28232,95,50554180,63692024,21666,7092,10907,29394,2570,307,120,104,40,36,64539,413,549,603,55,94380,342,1708,283,1738,582352,314,7820,104,59,10641,142,429,113,215,65,163938,7152,73,392,357,56,80,45,57,100,1423481,222,124,54,425,2084,175,586,272,617,59,2385,1017,3395,10838,20,5286,1183,587,21023
Patient Sample,MS BATCH 3,Organ Confined,OcProDx IMM4,54354,25,65,291411,515270,30591,334341,13396,8171,17893,81029,301576,1332318,54736,76189,112684,23329,49053,51998,17318,117518,21882,35537,94121,3720,861512,163545,46027,279534,234417,5004,378,1766420,1863894,52956,8455,9378,9202,3282,5328,389,3047,710069,236148,11907,208506,322393,72781,27359,93,46491904,66036660,23469,9185,19385,47774,6070,377,427,271,359,41,77157,336,486,658,214,31623,322,948,533,1203,573102,310,12833,28650,144,27488,995,203,151,60,54,87976,4114,52,424,2178,659,516,95,46,110,1535652,119,167,58,376,735,136,509,195,358,44,3609,1232,1081,11183,39,3305,446,191,18893
Patient Sample,MS BATCH 3,Organ Confined,OcProDx 439,55895,21,43,302780,690103,24305,215727,12202,7028,9530,55788,135556,381156,36956,63256,182854,20582,42055,33656,11899,57598,9061,48778,105519,2874,524646,96581,29358,256703,189770,3179,268,1656752,1749225,33207,5369,8957,5911,2158,2673,193,1899,544346,170432,8468,164861,329267,72741,28209,42,45448556,68320992,10960,5643,15464,35158,5290,326,46,171,65,21,126562,108,162,436,53,23367,204,956,362,1697,587674,115,7148,331,71,9933,1093,131,322,29,64,92076,4129,81,546,1107,826,237,66,61,88,1467255,175,363,78,667,209,419,522,58,305,11,2541,59,940,14350,117,3085,368,52,16290
Patient Sample,MS BATCH 3,Organ Confined,OcProDx BH/10/83,88018,248,88,360797,643068,68009,621313,14662,10795,12979,87803,407278,1521881,56291,81496,156633,18814,47166,63054,15385,100535,13195,75566,186286,1394,484245,119087,35408,434803,270278,7395,398,2251114,2441927,63463,10432,11682,12154,4185,5658,33,1474,773863,239763,24165,473949,535802,149862,52215,154,61306044,62385696,27164,14286,28749,57375,12559,930,102,526,57,42,116728,184,614,3215,4942,35304,95,1259,777,2847,675251,62,9844,12642,2629,17663,1963,813,31,93,30,57804,45403,153,638,2137,741,271,78,306,138,6010,276,861,621,684,62,500,644,82,556,33,117,180,743,12969,180,8262,1277,54,16397
Patient Sample,MS BATCH 3,Organ Confined,OcProDx I43 (I47),44139,66,52,287643,541888,18041,171168,9944,5536,6730,46025,193154,499552,31222,41538,38517,22892,32212,33698,6984,56045,15810,43613,116519,1221,530243,91033,22140,226829,164573,5756,368,1013106,1011112,40560,11803,5302,2954,1139,3827,3505,604,478513,147844,11314,128662,243090,64432,33977,28,34397444,47621312,20878,12595,13951,40704,9410,377,53,183,605,69,58140,404,513,2957,3904,70611,480,1496,589,1315,382960,151,11989,321,65,4942,1301,122,44,33,48,518400,21109,82,72,1211,288,50,20,20,112,1035637,123,148,119,702,104,261,672,77,1023,289,411,651,254,2507,30,70,549,74,13858
Patient Sample,MS BATCH 3,Organ Confined,OcProDx 447,56417,16,68,413562,850017,42463,421285,12974,7672,14248,63423,268234,1080802,46086,69272,130199,27308,44936,38496,14197,89276,10679,55806,131487,1173,654965,100419,29741,261155,182926,4870,572,1918832,1929327,51369,940,11580,6090,4483,6629,460,1067,585733,209598,6783,315177,370384,103865,37632,54,46627512,58361468,18422,8951,23132,55567,8217,450,763,212,798,57,98482,121,254,1150,2880,106812,99,1197,394,893,560367,304,9744,12251,1165,23117,1441,157,124,16,65,30333,8948,43,404,600,1222,154,35,31,100,1641177,429,206,489,1026,144,167,492,91,689,322,432,2007,1465,10551,125,2698,683,299,18868
Patient Sample,MS BATCH 3,Organ Confined,OcProDx 164,58960,153,66,370253,673646,38029,422922,12645,7934,6509,34017,90451,379547,38779,68968,84545,34839,39952,36583,14179,86916,22269,48216,129384,2033,698926,91533,33032,209354,163854,6581,515,1161135,1344983,36679,6841,8360,12810,824,5913,203,2068,505704,185181,10502,116678,270350,44380,15890,57,45983192,65386128,17841,9456,14278,38268,8346,337,853,149,229,39,96723,408,136,1239,1006,34572,44,697,308,960,484788,117,6436,411,416,17427,911,132,286,284,58,130851,6043,124,1036,1884,639,226,70,50,57,1406658,231,96,209,405,40167,359,323,60,140,55,1577,308,788,7774,52,2308,1234,47,25744
Patient Sample,MS BATCH 3,Organ Confined,OcProDx 407,78794,68,71,339246,735799,23093,268222,13320,6546,6970,52316,89009,656917,36866,48754,84145,25991,37969,39748,12110,48894,21312,53279,127059,234,381591,115204,31180,271545,184993,3537,2518,1941862,1774917,33034,8375,8457,5639,5354,7988,1165,2922,537361,178752,8623,355258,277408,89365,34726,63,49434420,61614764,22643,19395,14739,40245,8515,288,424,194,115,47,4723,255,5633,379,813,75770,123,618,219,3265,534133,987,9205,12911,1202,9919,56,74,169,37,194,256546,10756,115,283,1083,286,62,26,41,392,1282768,181,113,154,33750,32,313,234,128,408,215,1374,167,3247,13968,51,6240,265,67,15445
Patient Sample,MS BATCH 3,Organ Confined,OcProDx 351,103846,43,40,303299,651783,23710,347302,18053,7025,6581,62102,104654,454076,52634,67982,302660,23940,39633,39877,17217,51840,13249,52651,125951,3286,793439,105314,29232,305057,215853,5054,178,1218142,1113105,40655,8623,10397,10258,12587,5188,152,4672,634285,226698,16921,350595,340947,88681,28982,183,48651268,63324288,16456,18025,19069,43564,6309,125,167,559,498,40,109256,437,805,1026,1102,15902,295,379,730,1195,635596,67,5359,23309,641,10685,39,413,200,176,204,246803,11061,63,412,1836,176,244,54,48,138,1748895,51,627,507,72968,46,454,468,101,287,220,2005,1444,1634,13381,258,7584,721,47,27592
Patient Sample,MS BATCH 3,Organ Confined,OcProDx 34,75288,59,45,346225,698307,32249,344407,11653,2251,893,70569,231565,832229,49580,66132,159488,32670,46286,46684,12791,66977,24755,49964,112408,685,737942,111008,31585,284579,211220,6709,1456,2089185,1928326,48950,8694,9571,6122,6203,5278,601,1197,618979,231599,12807,394064,426434,95581,28050,61,51551624,68585744,16753,19366,21585,49007,7537,385,139,326,204,61,103380,345,71,751,1833,26272,138,537,430,1848,740432,331,6681,5477,1341,9463,40,304,69,85,107,205298,9928,90,574,1197,226,260,100,31,65,1855456,111,374,438,49268,287,341,529,124,80,53,974,303,4061,16046,51,9910,98,107,18025
Patient Sample,MS BATCH 3,Organ Confined,OcProDx M282,72500,36,61,309432,673962,36114,359111,13546,5840,5001,53781,149383,597346,41329,61147,129202,19889,39189,47330,14134,75151,17410,43921,110980,759,551178,107819,28491,260807,196310,3659,333,1372555,1599484,32545,7758,9147,5240,5460,6588,210,3792,574132,196801,20590,270142,332384,91306,31981,44,49880808,61369656,15786,17466,18285,43369,6224,95,312,183,106,55,8969,205,805,1074,1894,25893,104,395,394,4847,646269,82,6668,496,417,8030,911,149,358,15,258,68059,10435,186,508,550,171,856,32,49,103,1515516,201,49,405,38513,53890,149,418,294,488,156,2643,857,3828,13577,79,7082,218,246,15742
Patient Sample,MS BATCH 3,Organ Confined,OcProDx 350,64497,55,73,340924,283085,20272,234498,15882,6892,7224,59563,81208,664925,37500,44142,180992,27417,41494,34829,12422,63136,22638,52934,118892,331,677522,164853,45321,286457,191603,2958,2601,1677181,1984312,35764,5612,8998,5097,8124,5154,200,1096,641836,228486,17940,287641,308578,80154,30276,83,55881060,64209536,15267,17419,20022,47626,6940,520,615,177,61,57,85839,335,1503,1387,1586,83104,64,163,273,1515,768719,262,5756,24425,115,13157,65,101,253,39,130,80415,10942,96,81,1424,177,304,79,41,166,1672545,61,51,420,52589,1862,332,465,107,10,103,180,289,5577,14706,105,7976,809,51,17384
Patient Sample,MS BATCH 3,Organ Confined,OcProDx B20,66982,54,61,391176,732663,34881,394732,17252,9507,4825,52712,108174,291880,58485,73532,50889,33641,43943,41044,7376,46060,21392,58112,122256,164,603075,78555,24115,223025,148173,3219,919,1530986,1712297,49989,16799,12939,8054,6279,4137,4705,2167,639927,222523,15579,208661,395204,72883,80663,764,57544924,80212584,15266,17732,15611,43416,6337,279,91,593,451,10,7909,487,1909,2461,1894,34124,52,433,154,3225,583475,133,7566,258,258,10456,380,57,65,16,50,462054,22726,174,998,1132,450,307,78,237,149,1905847,131,84,85,23183,53,468,351,365,765,650,92,1507,5654,42704,23,5950,550,30,11670
Patient Sample,MS BATCH 3,Organ Confined,OcProDx 395,65608,52,74,481227,888066,22542,259501,12001,7169,6438,67525,167554,365678,36623,50346,102614,32576,37324,37951,8127,63690,18083,56670,149943,856,521083,108451,31593,261104,204091,3802,2022,1799009,1896092,49351,12501,4868,5486,8588,6479,1314,3949,445115,160849,11268,293126,348578,94547,35029,456,51756732,69161824,20729,15353,17691,40502,3601,539,551,1424,122,51,105534,99,381,1698,4958,214947,25,858,684,948,409289,332,9324,157,203,5987,714,176,57,195,122,368862,15013,200,300,1358,168,96,30,42,63,1475341,86,147,625,733,144,179,630,182,668,62,598,1699,79,732,56,5031,86,83,13720
Patient Sample,MS BATCH 4,Organ Confined,OcProDx B25,59005,100,17,416078,797704,33725,407319,11387,5376,19837,151908,315132,1113284,51616,72474,123181,36432,43967,48464,10496,101530,27099,54760,108807,593,1362260,176091,49670,355953,264204,6222,3050,2197224,2169030,55163,10581,5290,8640,17915,6947,515,3522,621137,232371,16150,476649,476242,172469,69109,290,47971232,68136496,30792,12071,13904,34515,6893,572,340,902,173,21,104978,132,130,662,239,159796,54,88,584,4021,777595,348,7623,32774,2534,14657,910,383,426,18,43,3863,2937,107,471,1774,58,466,81,263,70,1978851,101,202,282,36154,206434,148,617,737,511,36,514,558,10350,32774,35,5618,158,1192,16294
Patient Sample,MS BATCH 4,Organ Confined,OcProDx 429,60500,35,86,311874,629316,29288,307531,13375,5638,13165,147549,298456,1090833,45200,65869,160366,27035,39689,52225,16298,83981,17445,70903,89822,204,528834,135663,31824,524232,340167,7679,641,2458837,2733708,45555,6394,9443,9654,7461,5111,263,896,602074,241826,22716,431536,479112,319656,106037,112,52858388,60176584,25220,9628,20872,46942,11341,982,627,1186,72,84,31501,493,1043,1194,1282,179960,66,105,597,2935,716672,320,11874,25607,821,12715,841,127,249,48,336,205936,9366,101,1102,801,70,312,34,55,308,1993995,139,75,152,56602,151377,302,408,185,204,311,997,563,271,14402,30,5979,68,224,23969
Patient Sample,MS BATCH 4,Organ Confined,OcProDx 331,47208,28,72,300117,665038,25213,290696,12913,6081,6423,47492,76306,286935,27963,35869,106779,32155,35243,38574,11044,78788,15216,41654,88133,365,384228,102824,30335,250643,166451,3106,324,1335606,1671152,36045,11884,6335,9099,2616,4792,133,1539,447081,162171,23825,341206,334117,80674,33214,25,50387692,66867748,19871,11587,16901,44499,8561,174,51,114,32,11,62452,85,5227,1133,782,85246,132,498,249,1825,460943,113,6611,13070,1319,5134,919,82,541,28,55,154207,6226,108,86,1044,449,82,67,32,71,1600298,350,449,273,36130,68977,350,402,240,531,116,1946,557,388,24922,22,4867,648,44,11123
Patient Sample,MS BATCH 4,Organ Confined,OcProDx M270,68508,43,72,367694,712957,40116,559284,12983,6795,6910,64725,152100,694616,46150,75928,167988,31548,41953,38663,15404,87020,28352,61260,116772,2070,651562,103160,32124,294655,230931,6091,3920,1799603,1816820,42914,10027,10244,9619,9468,6806,213,3196,643373,237447,51315,343895,373574,79563,24554,51,46934736,63883128,32598,11913,19838,42112,7564,99,223,235,619,40,63144,201,76,3169,1025,206928,22,366,120,2891,565097,57,6185,27399,1665,13073,42,159,58,137,67,401441,17833,59,284,215,89,15,32,79,104,1452281,161,439,387,52236,253280,194,717,32,522,538,581,222,199,15890,74,5915,362,612,20919
Patient Sample,MS BATCH 4,Organ Confined,OcProDx 252,44792,57,29,372083,679430,28523,337036,22615,12576,6969,50105,103747,365019,47427,72275,143022,37857,34754,37604,13757,98684,20731,58594,176874,626,882797,80699,23977,283851,214183,6257,208,1873705,1712180,50197,8673,14741,13233,4064,4304,399,1393,682758,261373,24639,296967,314737,91132,30154,67,56478472,76747648,25686,11652,26603,58566,11448,222,98,109,179,57,99935,323,246,3544,5599,143029,259,109,181,4223,657439,302,10042,17669,1123,6227,58,117,56,217,132,431748,20191,131,730,220,202,73,152,73,81,1556899,91,156,223,43411,422520,127,89,92,571,331,3349,930,1226,14197,119,6369,68,58,17214
Patient Sample,MS BATCH 4,Organ Confined,OcProDx B69,32361,184,22,167599,473180,21226,245296,10213,4501,2218,25802,66788,207808,19036,28377,85540,23402,17649,19538,5235,49532,13452,29808,78121,47,320303,78122,20804,171702,117640,1531,206,1060194,966928,20787,5704,5937,4965,2074,4035,180,632,281557,98000,10048,158698,187045,62311,17497,38,28035736,45238580,9856,6379,11557,32833,4429,1095,245,157,154,64,50341,310,176,2105,2376,93546,45,231,240,971,287522,470,8804,17332,428,7894,45,117,33,160,185,24511,7590,57,106,153,16,90,62,31,101,923657,136,83,334,25740,80293,219,452,93,133,127,273,156,1215,12482,23,3724,666,26,11621
Patient Sample,MS BATCH 4,Organ Confined,OcProDx 396,36479,49,21,281085,809148,25315,300857,13839,7935,5487,46587,105445,411246,34188,47016,129897,29134,31984,39588,13313,87127,17881,60137,133868,112,361536,84334,22600,229645,162007,5173,543,1588786,1757011,36877,9658,8573,5236,2965,4134,452,1203,492475,163270,13991,239188,259792,102521,32088,32,48847680,69461800,15412,8445,13595,31484,2318,361,504,161,84,13,87565,55,46,1877,974,70861,50,34,80,3726,606356,651,7331,14262,2801,12461,702,73,280,61,187,345310,12419,123,67,949,158,53,47,87,114,1636409,237,59,367,50789,105127,280,654,201,43,45,449,739,1028,16213,159,6390,562,94,8498
Patient Sample,MS BATCH 4,Organ Confined,OcProDx I74,61993,36,43,289846,660215,29894,317667,13710,8186,5621,65053,280897,957405,42100,55037,155067,30688,33018,33154,12099,82440,19798,54661,122691,449,632151,118554,31327,226505,150928,3765,2579,1655211,1723752,34090,5734,6225,12585,796,4828,78,1535,522473,177779,12279,287400,393678,93157,34817,55,44681736,74141824,19070,10155,23996,51575,7672,521,309,286,237,17,81235,109,642,890,1901,88170,67,269,816,4056,738683,321,6911,27318,292,11491,58,186,61,75,24,233435,9908,182,242,1514,43,308,69,31,83,1440962,66,129,278,41404,191850,115,86,234,468,30,391,159,816,11531,118,5428,510,459,18182
Patient Sample,MS BATCH 4,Organ Confined,OcProDx MH 256,49295,42,81,315860,340177,28505,330895,14145,6548,4855,60942,181973,598864,34250,46485,69560,21431,33771,32012,10501,76385,15374,44241,95981,714,370911,99548,24190,264153,218732,2761,1665,1594926,1561127,26783,5529,7139,5842,10350,4700,171,2570,483547,180659,9585,255615,235610,73453,28950,98,42658216,52429208,18596,17457,15657,41694,7046,93,31,207,45,,48007,344,83,1458,1647,61715,44,762,267,2888,336696,174,4733,15531,1416,12786,1220,149,302,1073,116,107346,5758,49,751,1275,282,138,47,45,46,1373202,460,171,502,464,287,384,310,144,44,63,809,86,397,4984,37,6373,303,58,13186
Patient Sample,MS BATCH 4,Organ Confined,OcProDx IMM 73 ,57936,93,15,428775,579238,26329,272641,11562,6820,11059,77982,285784,761738,32132,51731,130430,26369,39673,36349,14577,80954,30088,48615,142993,921,687050,88038,26112,297664,198382,1775,2292,1104322,1168175,42589,6269,8047,7142,3709,5841,907,3763,537248,198525,13797,308270,307147,128092,48436,62,46654884,68226376,29576,20089,18623,47048,7961,1007,55,313,110,40,98396,71,26,2564,2745,108486,97,602,178,3947,553770,477,11236,16499,2416,4178,1258,549,271,124,585,926,11748,62,363,1324,205,79,25,25,55,1347038,318,53,355,836,1267,257,262,69,370,26,2484,117,83,8364,48,6914,411,561,13557
Patient Sample,MS BATCH 4,Organ Confined,OcProDx MMH 303,71557,26,20,391704,630628,23581,287992,12013,5743,5575,66906,228884,744149,35449,49829,207102,21645,39305,38913,10843,64708,19417,46355,124352,1108,449712,87947,28893,254259,170587,3425,3682,1759649,1816812,37369,6091,9963,8746,20288,3861,61,1895,531909,195762,3365,302721,285204,103807,36179,38,43037260,55255068,16273,19469,17649,45809,8510,149,380,151,70,31,77355,187,846,2307,767,110838,80,541,289,3119,481204,54,5448,13322,1477,7878,2214,403,254,39,174,270592,10528,106,221,1429,139,80,18,22,115,1451323,87,98,598,51336,45559,266,775,147,240,570,398,133,126,435,99,7271,378,847,13845
Patient Sample,MS BATCH 4,Organ Confined,OcProDx BH14,84520,47,38,417762,663720,43863,428449,14702,8239,8379,77104,229826,928148,45920,65310,129137,23392,43182,37894,14670,102818,21550,49341,130308,130,723414,169168,51800,308585,231052,868,2422,1858380,2000032,43880,5920,12917,9850,6392,8273,190,1722,684558,263839,5017,237365,250587,132193,46227,99,51265468,79480864,30199,22110,20073,48068,10839,1101,410,288,771,,48260,175,1039,2810,816,86528,64,1072,193,4081,560727,999,12622,22243,2036,6791,1553,189,22,68,81,311790,13879,154,508,159,174,48,18,40,74,1497324,212,113,465,379,20,151,437,378,330,71,3427,290,416,8356,55,8200,274,133,18643
Patient Sample,MS BATCH 4,Organ Confined,OcProDx87,55093,12,21,352923,706343,27359,275343,12259,7928,5258,57389,71407,267044,29871,37654,133810,22567,34327,30363,13901,61949,9914,45600,101250,2360,357308,69195,18503,222968,183319,2581,2164,1638495,1694005,31954,4702,10468,6853,19618,2948,55,498,470056,161144,5721,258119,255526,98827,35934,39,44190672,63007228,14865,17132,16729,45164,6389,206,307,223,181,20,101636,102,134,1960,2149,46895,69,1090,320,3267,505263,77,6731,10967,987,7789,1656,99,83,15,61,225068,10636,71,527,2164,87,268,22,27,41,1256468,213,92,394,210,170,499,262,98,234,191,308,835,389,10845,206,6605,527,133,10042
Patient Sample,MS BATCH 4,Organ Confined,OcProDx B81,60036,80,54,302748,569535,77171,740957,13945,7315,3919,40123,142008,477249,38073,51991,65585,11158,36587,49482,18646,69863,13800,49262,105731,104,122110,64197,16203,196633,115204,4716,3293,1603744,1595053,31399,3875,9182,6526,21104,3944,33,1930,459228,131753,10669,230582,224544,99522,38433,239,56127844,60624112,17645,22607,22155,45290,3898,204,223,2209,434,41,86875,313,989,484,1030,58737,68,434,27,1994,484390,239,5868,6270,4350,4474,1896,148,166,65,52,183713,7296,161,461,237,80,644,110,234,101,1040635,57,1080,463,6112,25131,184,738,59,427,250,2770,154,573,9070,57,7669,282,138,6983
Patient Sample,MS BATCH 4,Organ Confined,OcProDx 194,66229,38,41,464574,747789,47028,567203,20769,12809,4786,56043,109136,820338,44111,57538,125311,23179,49349,47829,14429,81300,12764,59662,145365,2185,522495,126627,41528,377419,248865,2839,4985,2121614,1937418,44272,7928,14268,11625,22745,6122,510,1307,699774,246960,10351,446810,363767,101902,32498,139,55062308,88671064,20898,20835,25530,62033,5730,227,233,325,105,72,81809,217,585,1576,2442,76680,180,799,220,3932,727551,677,8622,16472,5213,7173,2429,405,50,17,72,201217,10780,105,146,1337,309,186,169,93,66,1071813,194,589,532,17097,66321,312,455,494,650,60,755,156,120,3127,35,6281,136,47,10631
Patient Sample,MS BATCH 4,Organ Confined,OcProDx 416,51204,40,83,419720,702590,31553,310068,12977,6941,7672,54187,105405,375814,39927,49054,120710,20735,36711,38309,12676,63757,14591,43817,106429,1574,468968,103194,36197,246080,177119,3193,1253,1797187,1709214,34574,7473,8180,6019,23280,4612,27,1926,584348,210473,20933,282481,282401,95632,36175,125,50801176,67837768,23065,15890,13995,34358,5032,214,147,471,252,36,74531,79,437,1337,1431,121431,47,717,72,2471,602006,361,7556,16671,2526,12071,869,53,627,123,78,133882,7886,39,267,1504,69,162,22,36,88,1355641,164,51,582,314,312,135,327,257,674,103,794,629,2686,9322,77,8019,297,66,13570
Patient Sample,MS BATCH 4,Organ Confined,OcProDx BH87,75050,33,59,350683,644081,90455,1084674,13227,8057,1952,19360,92800,290330,37290,42468,101218,21609,37187,47511,17166,77923,21777,59479,119829,1970,359883,85155,22196,245977,155903,3354,1711,1177765,1224179,30983,5562,7362,6390,6242,4596,643,628,444073,125037,9967,304213,277973,69377,27044,31,55484432,73333304,10835,25257,18733,45833,9620,753,778,398,301,34,53604,363,280,1391,341,52642,66,605,393,1664,699432,155,3023,10716,3555,8392,2984,153,185,8,48,198791,8622,84,151,1242,94,336,41,55,128,1343911,155,142,115,414,1423,348,470,361,508,77,2325,267,530,9049,167,7759,316,68,7711
